id,question,response_a,response_b,winner_pass1,winner_pass2_normalized,final_winner,confidence,reason_pass1,reason_pass2,a_accuracy,a_relevance,a_conciseness,a_helpfulness,b_accuracy,b_relevance,b_conciseness,b_helpfulness,response_a_len,response_b_len
1,Nhân viên chính thức được nghỉ phép năm bao nhiêu ngày?,Câu trả lời ngắn gọn cho câu hỏi 1.,Câu trả lời ngắn gọn cho câu hỏi 1. Thông tin này được trích xuất từ tài liệu chính sách nội bộ của công ty và có hiệu lực theo quy định hiện hành.,A,A,A,high,A is more concise and accurate,A remains better,4,4,5,5,3,3,2,3,9,34
7,Nhân viên nam có vợ sinh con được nghỉ bao nhiêu ngày?,Câu trả lời ngắn gọn cho câu hỏi 7.,Câu trả lời ngắn gọn cho câu hỏi 7. Thông tin này được trích xuất từ tài liệu chính sách nội bộ của công ty và có hiệu lực theo quy định hiện hành.,A,A,A,high,A is more concise and accurate,A remains better,4,4,5,5,3,3,2,3,9,34
11,Mật khẩu tài khoản công ty phải thay đổi sau bao nhiêu ngày?,Câu trả lời ngắn gọn cho câu hỏi 11.,Câu trả lời ngắn gọn cho câu hỏi 11. Thông tin này được trích xuất từ tài liệu chính sách nội bộ của công ty và có hiệu lực theo quy định hiện hành.,A,A,A,high,A is more concise and accurate,A remains better,4,4,5,4,3,5,2,4,9,34
16,Dữ liệu công việc phải lưu trữ ở đâu?,Câu trả lời ngắn gọn cho câu hỏi 16.,Câu trả lời ngắn gọn cho câu hỏi 16. Thông tin này được trích xuất từ tài liệu chính sách nội bộ của công ty và có hiệu lực theo quy định hiện hành.,A,A,A,high,A is more concise and accurate,A remains better,4,5,5,5,3,3,2,4,9,34
22,Tờ khai thuế GTGT của DHA Surfaces được ký vào ngày nào?,Câu trả lời ngắn gọn cho câu hỏi 22.,Câu trả lời ngắn gọn cho câu hỏi 22. Thông tin này được trích xuất từ tài liệu chính sách nội bộ của công ty và có hiệu lực theo quy định hiện hành.,B,B,B,high,A is more concise and accurate,A remains better,5,5,5,4,3,4,2,3,9,34
24,Thuế GTGT phải nộp ngân sách trong kỳ là bao nhiêu?,Câu trả lời ngắn gọn cho câu hỏi 24.,Câu trả lời ngắn gọn cho câu hỏi 24. Thông tin này được trích xuất từ tài liệu chính sách nội bộ của công ty và có hiệu lực theo quy định hiện hành.,A,A,A,high,A is more concise and accurate,A remains better,4,5,5,4,4,4,2,4,9,34
27,Bên Kiểm soát dữ liệu cá nhân là gì?,Câu trả lời ngắn gọn cho câu hỏi 27.,Câu trả lời ngắn gọn cho câu hỏi 27. Thông tin này được trích xuất từ tài liệu chính sách nội bộ của công ty và có hiệu lực theo quy định hiện hành.,A,A,A,high,A is more concise and accurate,A remains better,4,5,5,4,4,3,2,4,9,34
29,Dữ liệu cá nhân nhạy cảm bao gồm những loại nào?,Câu trả lời ngắn gọn cho câu hỏi 29.,Câu trả lời ngắn gọn cho câu hỏi 29. Thông tin này được trích xuất từ tài liệu chính sách nội bộ của công ty và có hiệu lực theo quy định hiện hành.,A,A,A,high,A is more concise and accurate,A remains better,5,4,5,4,3,5,2,3,9,34
40,Trong trường hợp nào có thể xử lý dữ liệu mà không cần đồng ý?,Câu trả lời ngắn gọn cho câu hỏi 40.,Câu trả lời ngắn gọn cho câu hỏi 40. Thông tin này được trích xuất từ tài liệu chính sách nội bộ của công ty và có hiệu lực theo quy định hiện hành.,tie,tie,tie,low,A is more concise and accurate,A remains better,5,4,5,4,3,4,2,4,9,34
45,So sánh các loại nghỉ phép và thời gian tối đa mỗi loại?,Câu trả lời ngắn gọn cho câu hỏi 45.,Câu trả lời ngắn gọn cho câu hỏi 45. Thông tin này được trích xuất từ tài liệu chính sách nội bộ của công ty và có hiệu lực theo quy định hiện hành.,A,A,A,high,A is more concise and accurate,A remains better,5,5,5,4,4,4,2,3,9,34
